{"train/r2":0.263339102268219,"train/mape":2.4861514568328857,"_timestamp":1.779119283635625e+09,"walk_forward/rmse_std":0.22418680250446563,"test/negative_rate":0,"train/smape":1.2223045825958252,"test/mse":0.35218068957328796,"model_size_mb":0.7012596130371094,"walk_forward/mae_std":0.23231368621703324,"walk_forward/mape_std":0.02248044877170147,"train/mse":0.7366608381271362,"epoch":3,"walk_forward/mse":0.7374021748701731,"test/mae":0.4532874822616577,"test/smape":0.05573846027255058,"walk_forward/r2_std":0.4086235383076638,"trainer/global_step":36,"train/mae":0.69014573097229,"test/clip_rate":0,"_step":64,"test/r2":0.3980514407157898,"walk_forward/smape_std":0.02443994237669013,"walk_forward/nrmse":0.09564999838670095,"walk_forward/rmse":0.8289405544598897,"lr-AdamW":0.0001,"test/nrmse":0.07079115509986877,"walk_forward/run_id":"046d534f","walk_forward/smape":0.0837497815489769,"walk_forward/r2":0.010955452919006348,"_runtime":155,"test_loss":0.3562537133693695,"test/mape":0.05756424739956856,"walk_forward/nrmse_std":0.023274392228317686,"walk_forward/mse_std":0.4023702754389858,"_wandb":{"runtime":155},"train_loss":0.7683777809143066,"test/rmse":0.5934481620788574,"walk_forward/mae":0.7084445416927337,"total_params":183701,"walk_forward/mape":0.08349775423606237,"train/rmse":0.8582894802093506}