{"train/mape":2.5352022647857666,"walk_forward/mape_std":0.03040789162232582,"train/mae":0.7508290410041809,"_wandb":{"runtime":150},"walk_forward/smape":0.09851073349515597,"total_params":565,"walk_forward/nrmse_std":0.02961917762371382,"test/nrmse":0.08610665053129196,"trainer/global_step":36,"walk_forward/rmse_std":0.2998273943078236,"train/r2":0.07685792446136475,"test/clip_rate":0,"epoch":3,"walk_forward/mae_std":0.3315752680487634,"test/mae":0.589935839176178,"train/smape":1.3517028093338013,"train/rmse":0.9608027935028076,"walk_forward/mae":0.8296317895253499,"walk_forward/nrmse":0.11554336001475653,"test/r2":0.1094161868095398,"test/smape":0.07273263484239578,"walk_forward/mse":1.0980274577935536,"walk_forward/run_id":"a288738e","test/rmse":0.7218392491340637,"test/mape":0.07482215017080307,"walk_forward/mse_std":0.7540139045062446,"walk_forward/mape":0.09774990404645602,"lr-AdamW":0.0001,"train_loss":0.8224717378616333,"walk_forward/r2":-0.45327064593633015,"walk_forward/r2_std":0.7279784892764075,"_step":64,"_timestamp":1.7791196621557522e+09,"model_size_mb":0.002155303955078125,"test_loss":0.5270779132843018,"walk_forward/smape_std":0.03643088050723131,"train/mse":0.9231419563293457,"test/mse":0.5210518836975098,"_runtime":150,"walk_forward/rmse":1.004057272275289}