test_year,mse_mean,mse_std,mae_mean,mae_std,rmse_mean,rmse_std,r2_mean,r2_std,mape_mean,mape_std,smape_mean,smape_std,nrmse_mean,nrmse_std,run_id,crop,country,model_type,aggregation
2016,1.023579716682434,,0.8432394862174988,,1.011721134185791,,-0.7787319421768188,,0.11962557584047318,,0.10948234051465988,,0.1328997015953064,,046d534f,wheat,NL,informer,daily
2017,0.6788455545902252,0.1514833178340366,0.6833644211292267,0.08434827719060967,0.821336418390274,0.09221759956977572,0.2213282585144043,0.17374996151767555,0.08055977150797844,0.009759297701871877,0.0807228796184063,0.00971511726792033,0.09384288638830185,0.010536448709920316,046d534f,wheat,NL,informer,daily
2018,0.436866174141566,0.07378627171493753,0.5379522442817688,0.0413237541561927,0.6593302090962728,0.056787019392984875,0.29941203196843463,0.11832860718593778,0.06684471542636554,0.005510004154518774,0.06563279653588931,0.004938249661459933,0.07780013730128606,0.006700795258526242,046d534f,wheat,NL,informer,daily
2019,1.3334842026233673,0.14573220730292633,1.0570027083158493,0.06150969727501725,1.153472900390625,0.06308137331993019,-0.4798046052455902,0.1617223393146002,0.11203745193779469,0.006827641881642175,0.11823051050305367,0.007144128378865008,0.12512361072003841,0.00684279058808237,046d534f,wheat,NL,informer,daily
2020,0.40704529285430907,0.03287643279357092,0.5149664461612702,0.04442365522604655,0.6375664234161377,0.0263238590475645,0.3042779088020325,0.056191554268040456,0.06460744813084603,0.004690804925683132,0.06309963837265968,0.005253591023060861,0.07605392932891845,0.003140117903102273,046d534f,wheat,NL,informer,daily
