test_year,mse_mean,mse_std,mae_mean,mae_std,rmse_mean,rmse_std,r2_mean,r2_std,mape_mean,mape_std,smape_mean,smape_std,nrmse_mean,nrmse_std,run_id,crop,country,model_type,aggregation
2016,0.8386986255645752,,0.6041052937507629,,0.915804922580719,,-0.45745372772216797,,0.08998597413301468,,0.08129391819238663,,0.12030014395713806,,a288738e,wheat,NL,nlinear,daily
2017,1.084199845790863,0.09502116578587187,0.8722101747989655,0.022800222785786854,1.0407487154006958,0.045650431733907634,-0.24363559484481812,0.10897902190092168,0.10284730792045593,0.002169677614492314,0.10300092026591301,0.002708256386544837,0.11891213059425354,0.005215862164041436,a288738e,wheat,NL,nlinear,daily
2018,0.6324807306130728,0.1310498199915214,0.5909450054168701,0.09974483487524381,0.7922321160634359,0.08528500294265225,-0.014288643995920816,0.21016031441604147,0.07479625071088473,0.011688993003596404,0.07183766985932986,0.011700001958228274,0.09348239252964656,0.01006352320311789,a288738e,wheat,NL,nlinear,daily
2019,2.0671997368335724,1.0010292131848246,1.2816380113363266,0.3564117065090884,1.4091818928718567,0.32945637060967986,-1.2940278947353363,1.1108663635240312,0.13643529079854488,0.0367506487153593,0.14596054702997208,0.04373935111648464,0.1528617925941944,0.03573796860183438,a288738e,wheat,NL,nlinear,daily
2020,0.6594144821166992,0.10195278416874817,0.6393128275871277,0.07726469502826507,0.8100265622138977,0.0639479537572353,-0.12707145214080812,0.17425517197477697,0.080087611079216,0.00867351015165745,0.0782020092010498,0.009332318580860354,0.09662632942199707,0.007628218575761657,a288738e,wheat,NL,nlinear,daily
