{"train/r2":0.41977977752685547,"test_loss":NaN,"train/smape":1.0467997789382935,"test/smape":NaN,"epoch":13,"test/mae":NaN,"_wandb":{"runtime":74},"trainer/global_step":130,"lr-AdamW":0.0001,"_timestamp":1.7791180603261547e+09,"train/mse":0.5802202224731445,"test/negative_rate":0,"test/mse":NaN,"test/clip_rate":0,"train_loss":0.2805982828140259,"test/rmse":NaN,"_runtime":74,"test/r2":NaN,"train/rmse":0.7617219090461731,"train/mae":0.574752688407898,"total_params":183701,"train/mape":1.3175742626190186,"test/nrmse":NaN,"model_size_mb":0.7012596130371094,"test/mape":NaN,"_step":80}